endTime,artistName,trackName,msPlayed
2022-02-10 01:24,Pesukone,Ropa Suja,1369
2022-02-10 01:24,Munatix,You Are out of My League - Pesukone Remix,4388
2022-02-10 01:24,Pesukone,Floor Control,6130
2022-02-10 01:24,Pesukone,Behind Blue Eyes,928
2022-02-10 01:24,Pesukone,Far Away,696
2022-02-10 02:37,James Bay,Let It Go,4630
2022-02-10 02:40,Natasha Bedingfield,Pocketful of Sunshine,202906
2022-02-10 02:44,Nick Jonas,Chains,203106
2022-02-10 02:47,Shawn Mendes,Treat You Better,187973
2022-02-10 02:50,bodyimage,Who Cares?,155293
2022-02-10 02:52,Icona Pop,I Love It (feat. Charli XCX),157152
2022-02-10 02:56,Nico & Vinz,Am I Wrong,247520
2022-02-10 02:58,Tori Kelly,Hallelujah,120247
2022-02-10 04:17,The Script,Hall of Fame (feat. will.i.am),202533
2022-02-10 04:21,The Pussycat Dolls,Don't Cha,272080
2022-02-10 04:30,Drip Overkill,Stay,157455
2022-02-10 04:31,Alicia Keys,If I Ain't Got You,107126
2022-02-10 04:32,Alicia Keys,If I Ain't Got You,95364
2022-02-10 04:34,Rihanna,Kiss It Better,86540
2022-02-10 04:35,Bek Allenson,Twister,59861
2022-02-10 04:35,Beyoncé,1+1,3668
2022-02-10 04:39,Alicia Keys,Girl on Fire,224920
2022-02-10 06:03,Far East Movement,Rocketeer,119173
2022-02-10 06:04,Neon Trees,Animal,2739
2022-02-10 06:04,MKTO,Classic,18575
2022-02-10 06:07,Sean Kingston,Beautiful Girls,225373
2022-02-10 06:10,Hot Chelle Rae,Tonight Tonight,180691
2022-02-10 15:10,Bonobo,Black Sands,45096
2022-02-10 15:46,Kelly Clarkson,Since U Been Gone,44188
2022-02-10 15:47,Still Woozy,Cooks,3599
2022-02-10 15:47,Avicii,Talk To Myself,10657
2022-02-10 15:47,Electric Guest,This Head I Hold,8452
2022-02-10 15:47,Duckwrth,Super Bounce,2113
2022-02-10 15:47,The Police,Spirits In The Material World - Remastered 2003,3599
2022-02-10 15:47,Rizzle Kicks,Down With The Trumpets,43421
2022-02-10 15:48,J. Cole,ATM,2647
2022-02-10 15:48,Jake Miller,First Flight Home,7407
2022-02-10 15:48,Jaden,The Passion,2600
2022-02-10 15:51,Urban Cone,Old School,183987
2022-02-10 15:55,Rihanna,Take A Bow,9120
2022-02-10 15:55,Matt and Kim,Daylight,3583
2022-02-10 15:55,YG,Gangsta,144599
2022-02-10 15:56,Cosmo Sheldrake,Birthday Suit,80406
2022-02-10 16:01,Rick Ross,Aston Martin Music,270626
2022-02-10 16:04,Backstreet Boys,Don't Go Breaking My Heart,215724
2022-02-10 16:07,Ed Sheeran,New Man,189280
2022-02-10 16:12,The Internet,Wanna Be,267400
2022-02-10 16:14,Vince Staples,Relay,137813
2022-02-10 16:18,Robert Gass,A Good Friend,238506
2022-02-10 16:20,Backstreet Boys,Chances,172626
2022-02-10 16:25,Amber Mark,Lose My Cool - Franc Moody Remix,257301
2022-02-10 16:27,Supertramp,Breakfast In America - 2010 Remastered,159346
2022-02-10 16:29,Paul McCartney,The Kiss Of Venus (Dominic Fike),143530
2022-02-10 16:33,Alabama Shakes,Don't Wanna Fight,232546
2022-02-10 16:37,The Temper Trap,Sweet Disposition,230800
2022-02-10 16:41,Smino,MF GROOVE (with Ravyn Lenae),246960
2022-02-10 16:45,Alabama Shakes,Over My Head,231131
2022-02-10 16:48,Gorillaz,Idaho,222200
2022-02-10 16:51,MadeinTYO,Addicted To Power,150973
2022-02-10 16:54,Smino,FENTY SEX (with Dreezy),214977
2022-02-10 16:59,Dire Straits,So Far Away,312133
2022-02-10 17:03,Big Sean,Jump Out The Window,213693
2022-02-10 17:08,"Tyler, The Creator",SMUCKERS (feat. Lil Wayne & Kanye West),334363
2022-02-10 17:11,Smino,SUMMER SALT (with Bari),147698
2022-02-10 17:14,Russ,3:15 (Breathe),184000
2022-02-10 17:17,Chicago,What Can I Say - 2006 Remaster,228573
2022-02-10 17:19,"Tyler, The Creator",Whoville,73866
2022-02-10 17:21,Felly,I Stayed Home All Day,125192
2022-02-10 17:24,DJ Snake,Let Me Love You,205946
2022-02-10 17:27,Kendrick Lamar,i,211352
2022-02-10 17:28,Smino,KOVERT,18858
2022-02-10 17:30,Smino,Z4L (with Bari & Jay2),162590
2022-02-10 17:32,Daniel Caesar,A Cappella,88916
2022-02-10 17:36,Trevor Hall,Green Mountain State,274632
2022-02-10 17:39,Bibi H.,How It Is (Wap Bap...),177123
2022-02-10 17:44,BROCKHAMPTON,FABRIC,277840
2022-02-10 17:47,5 Seconds of Summer,Valentine,196628
2022-02-10 17:55,Fat Freddy's Drop,The Nod,519426
2022-02-10 17:59,Ed Sheeran,Dive,238440
2022-02-10 18:02,DJ Snake,U Are My High,180480
2022-02-10 18:05,Dennis Lloyd,Nevermind,156600
2022-02-10 18:07,Solange,I'm a Witness,111880
2022-02-10 18:11,Ed Sheeran,She,244653
2022-02-10 18:16,Boyce Avenue,Fast Car,304293
2022-02-10 18:21,Ed Sheeran,Afire Love,314280
2022-02-10 18:30,Fat Freddy's Drop,Mother Mother,539145
2022-02-10 18:34,JID,Hot Box (feat. Method Man & Joey Bada$$),291808
2022-02-10 18:37,MadeinTYO,Margiela Problems (feat. Blood Orange),187160
2022-02-10 18:40,Vulfpeck,Vulf Pack,157990
2022-02-10 18:52,MadeinTYO,Chucky Cheese,165293
2022-02-10 18:56,Jaden,Fallen,262473
2022-02-10 19:01,Ratatat,El Pico,262576
2022-02-10 19:04,Jake Miller,Party in the Penthouse,174400
2022-02-10 19:10,Robert Gass,Inner Landscapes,418906
2022-02-10 19:14,Ed Sheeran,Nina,225533
2022-02-10 19:19,KAYTRANADA,BULLETS,299000
2022-02-10 19:21,J. Cole,Intro,107160
2022-02-10 19:26,Ed Sheeran,Bloodstream,300253
2022-02-10 21:47,Avicii,Gonna Love Ya,21496
2022-02-10 22:16,Kelly Clarkson,Since U Been Gone,145024
2022-02-10 22:47,Baby Keem,ORANGE SODA,129882
2022-02-10 22:49,Prince,Kiss,168726
2022-02-10 22:50,Baby Keem,hooligan,156774
2022-02-10 22:53,21 Savage,Rich Nigga Shit (feat. Young Thug),190331
2022-02-10 22:55,Jack Harlow,Tyler Herro,156497
2022-02-10 22:59,Terror Reid,Outlawz,224000
2022-02-10 23:02,DDG,Moonwalking in Calabasas,163870
2022-02-10 23:05,Lil Baby,Sum 2 Prove,205760
2022-02-10 23:09,YG,Still Brazy,202520
2022-02-10 23:11,Jack Harlow,Way Out (feat. Big Sean),168906
2022-02-10 23:14,MF DOOM,Rapp Snitch Knishes feat. Mr. Fantastik,172893
2022-02-10 23:17,YoungBoy Never Broke Again,Make No Sense,148629
2022-02-10 23:20,Baby Keem,STATS,169828
2022-02-10 23:22,AG Club,Brass,151379
2022-02-10 23:25,24kGoldn,VALENTINO,179133
2022-02-10 23:28,Flume,Enough,192293
2022-02-10 23:31,Katori Walker,Hometown,161306
2022-02-10 23:34,Larry June,Let's Drive To Vegas,171000
2022-02-10 23:38,Larry June,Smoothies In 1991,224347
2022-02-10 23:42,Cardo,Foreign Today,236657
2022-02-10 23:45,Ethereal,Beef,213333
2022-02-10 23:48,Lil Baby,Southside,173437
2022-02-10 23:50,Freddie Gibbs,4 Thangs (feat. Big Sean & Hit-Boy),104911
2022-02-10 23:52,Shoreline Mafia,Gangstas & Sippas (feat. Q Da Fool),155346
2022-02-10 23:56,Ty Dolla $ign,"Spicy (feat. J Balvin, YG, Tyga & Post Malone) - Remix",221640
2022-02-10 23:59,A$AP Rocky,Distorted Records,140133
2022-02-11 00:02,Day Sulan,Bailar,205055
2022-02-11 00:06,Pusha T,Drug Dealers Anonymous,253786
2022-02-11 00:10,Felly,Desert Eagle,237480
2022-02-11 00:12,Aminé,Talk (feat. Saba),132893
2022-02-11 00:16,ALLBLACK,"Trip On It (feat. DaBoii, $tupid Young & Fenix Flexin)",210337
2022-02-11 00:20,Pacman da Gunman,Zero Tolerance,257062
2022-02-11 00:24,IDK,Cereal (feat. Kenny Mason),198862
2022-02-11 00:27,VIC MENSA,VICTORY,212386
2022-02-11 00:30,BROCKHAMPTON,BUZZCUT (feat. Danny Brown),201160
2022-02-11 00:34,Meek Mill,"That's My N**** (with Meek Mill, YG & Snoop Dogg)",199746
2022-02-11 00:37,AG Club,NOHO (feat. ICECOLDBISHOP),182512
2022-02-11 00:40,Terror Reid,Uppercuts,180000
2022-02-11 00:43,2 Chainz,Grey Area,171837
2022-02-11 00:46,Drake,Wants and Needs (feat. Lil Baby),192956
2022-02-11 00:49,Benny The Butcher,Plug Talk (feat. 2 Chainz),195988
2022-02-11 00:52,Jayy Grams,Smok'n Grams,156585
2022-02-11 00:55,chillpill,"Moonwalk (feat. YBN Nahmir, Teejayx6 & Cousin Stizz)",175172
2022-02-11 00:58,IDK,Shoot My Shot,172105
2022-02-11 01:01,A$AP Mob,"Telephone Calls (feat. A$AP Rocky, Tyler, The Creator, Playboi Carti & Yung Gleesh)",230920
2022-02-11 01:05,Diablo,Killing (feat. Terror Reid),180923
2022-02-11 01:07,Benny The Butcher,Talkin' Back (feat. Fat Joe),162528
2022-02-11 01:11,Lil Wayne,Mama Mia,225440
2022-02-11 01:14,YG,Bompton to Oak Park,164494
2022-02-11 01:18,Channel Tres,Black Moses (feat. JPEGMAFIA),260224
2022-02-11 01:20,Spinabenz,Who I Smoke,134186
2022-02-11 01:24,Isaiah Rashad,Smile,203371
2022-02-11 01:27,Isaiah Rashad,Lay Wit Ya (feat. Duke Deuce),202331
2022-02-11 01:29,Russ,SMALL TALK,121148
2022-02-11 01:32,SoGone SoFlexy,Big Wide Body,200275
2022-02-11 01:35,Mike Dimes,MY STORY (DLOG),164205
2022-02-11 01:38,D Smoke,Gaspar Yanga,135862
2022-02-11 01:42,A$AP Mob,"Young N***a Living (feat. A$AP Ferg, A$AP Ant & A$AP Twelvyy)",258880
2022-02-11 01:44,"Tyler, The Creator",LUMBERJACK,138312
2022-02-11 01:47,Anonymuz,No Threat,174592
2022-02-11 01:50,Freddie Gibbs,Big Boss Rabbit,178858
2022-02-11 01:53,Ski Mask The Slump God,Nuketown (feat. Juice WRLD),166400
2022-02-11 01:55,IDK,PradadaBang,145897
2022-02-11 01:58,"Tyler, The Creator",CORSO,146481
2022-02-11 02:01,Polo G,RAPSTAR,165925
2022-02-11 02:02,Rich The Kid,Prada,93360
2022-02-11 02:04,SoGone SoFlexy,Nueces County,121500
2022-02-11 02:07,Barely Legal,Sugar Rush,183130
2022-02-11 02:10,YG,Gangsta,144599
2022-02-11 02:12,Kamaiyah,Players Club,141408
2022-02-11 02:13,YBN Nahmir,Opp Stoppa,65045
2022-02-11 02:15,Ski Mask The Slump God,The Matrix,130506
2022-02-11 02:18,Mike Dimes,NO TRENDS,151285
2022-02-11 02:20,Kamaiyah,Fuck It Up (feat. YG),141844
2022-02-11 02:24,Lil Uzi Vert,Homecoming,213884
2022-02-11 02:26,Dom Vallie,Vallie Mode,148349
2022-02-11 02:28,Joey Purp,CANDYPAINT,110759
2022-02-11 02:30,Smokepurpp,What I Please (feat. Denzel Curry),140369
2022-02-11 02:34,Metro Boomin,10 Freaky Girls (with 21 Savage),208293
2022-02-11 02:39,A$AP Mob,Yamborghini High (feat. Juicy J),302004
2022-02-11 02:41,Ameer Vann,Keep Your Distance,118627
2022-02-11 02:45,Lil Baby,Life Goes On,247054
2022-02-11 02:48,Thouxanbanfauni,ULTRA VIOLET,157944
2022-02-11 02:51,YGTUT,Bootleggers,216964
2022-02-11 02:55,Wifisfuneral,Wya? - Remix,214680
2022-02-11 02:58,Yeat,Monëy so big,160052
2022-02-11 03:01,Duckwrth,Super Bounce,218017
2022-02-11 03:04,KillBunk,Chanel Bag,158667
2022-02-11 03:08,Terror Reid,Outlawz,224000
2022-02-11 03:10,Frank Ocean,In My Room,133680
2022-02-11 03:13,Buddy,Hollyhood (feat. Kent Jamz),171459
2022-02-11 03:15,D Smoke,Gaspar Yanga,135862
2022-02-11 03:17,ShooterGang Kony,Charlie,129807
2022-02-11 03:20,Shoreline Mafia,Nun Major,151836
2022-02-11 03:22,Rexx Life Raj,Moonwalk,118967
2022-02-11 03:24,Lil Baby,Sum 2 Prove,1880
2022-02-11 03:24,DDG,Moonwalking in Calabasas,1416
2022-02-11 03:24,Terror Reid,Outlawz,1393
2022-02-11 03:24,Jack Harlow,Tyler Herro,2229
2022-02-11 03:24,21 Savage,Rich Nigga Shit (feat. Young Thug),104651
2022-02-11 03:55,YG,Still Brazy,202520
2022-02-11 05:09,Jack Harlow,Way Out (feat. Big Sean),168906
2022-02-11 05:11,MF DOOM,Rapp Snitch Knishes feat. Mr. Fantastik,172893
2022-02-11 05:14,YoungBoy Never Broke Again,Make No Sense,148629
2022-02-11 05:16,Baby Keem,STATS,161012
2022-02-11 05:16,AG Club,Brass,2020
2022-02-11 05:31,24kGoldn,VALENTINO,179133
2022-02-11 05:35,Flume,Enough,192293
2022-02-11 05:37,Katori Walker,Hometown,161306
2022-02-11 06:40,Larry June,Let's Drive To Vegas,171000
2022-02-11 06:44,Larry June,Smoothies In 1991,224347
2022-02-11 06:48,Cardo,Foreign Today,236657
2022-02-11 06:51,Ethereal,Beef,213333
2022-02-11 06:54,Freddie Gibbs,4 Thangs (feat. Big Sean & Hit-Boy),44941
2022-02-11 06:54,Lil Baby,Southside,173437
2022-02-11 16:10,Bonobo,Black Sands,26798
2022-02-11 16:20,Daniel Caesar,TOO DEEP TO TURN BACK,18577
2022-02-11 16:44,Avicii,Trouble,26276
2022-02-11 16:44,Freddie Gibbs,4 Thangs (feat. Big Sean & Hit-Boy),952
2022-02-11 16:44,John Legend,All of Me,6803
2022-02-11 16:44,Urban Cone,Old School,3413
2022-02-11 16:49,Tiësto,The Business,1462
2022-02-11 16:49,James TW,Incredible,7615
2022-02-11 16:49,Billie Eilish,when the party's over,1114
2022-02-11 16:49,B.o.B,HeadBand (feat. 2 Chainz) - Coucheron Remix,1300
2022-02-11 16:49,YNW Melly,223's (feat. 9lokknine),1323
2022-02-11 16:49,Caamp,By and By,280794
2022-02-11 16:55,YNW Melly,223's (feat. 9lokknine),176640
2022-02-11 16:59,B.o.B,HeadBand (feat. 2 Chainz) - Coucheron Remix,235384
2022-02-11 17:02,DJ Snake,U Are My High,180480
2022-02-11 17:05,Jazzinuf,With U,185142
2022-02-11 17:08,Quinn XCII,Straightjacket,206533
2022-02-11 17:12,The Grinns,Don't Look Back,243668
2022-02-11 17:15,Hotel Ugly,Shut up My Moms Calling,164571
2022-02-11 17:20,Mac Miller,Ladders,287040
2022-02-11 17:22,The Magician,Ready To Love,173106
2022-02-11 17:26,Yung Gravy,Mr. Clean,211149
2022-02-11 17:29,Ryan Beatty,Cupid,175324
2022-02-11 17:30,Marc Seguí,Tiroteo,77909
2022-02-11 17:33,The Beatles,Here Comes The Sun - Remastered 2009,185733
2022-02-11 18:58,The Beatles,Here Comes The Sun - Remastered 2009,185733
2022-02-11 19:35,The Beatles,Here Comes The Sun - Remastered 2009,3541
2022-02-11 19:35,The Beatles,Here Comes The Sun - Remastered 2009,26431
2022-02-11 19:39,The Beatles,Here Comes The Sun - Remastered 2009,185733
2022-02-11 19:43,The Beatles,Let It Be - Remastered 2009,243026
2022-02-11 19:47,The Beatles,Come Together - Remastered 2009,259946
2022-02-11 19:49,The Beatles,Yesterday - Remastered 2009,125666
2022-02-11 19:57,The Beatles,Hey Jude - Remastered 2015,414553
2022-02-11 19:57,The Beatles,Blackbird - Remastered 2009,11154
2022-02-11 20:03,Zack Fox,Jesus Is The One (I Got Depression),1207
2022-02-11 20:03,Day Sulan,Bailar,26749
2022-02-11 20:03,YG,Gangsta,3297
2022-02-11 20:03,Larry June,Smoothies In 1991,90186
2022-02-11 20:03,AG Club,Brass,3134
2022-02-11 20:30,Freddie Gibbs,4 Thangs (feat. Big Sean & Hit-Boy),59972
2022-02-11 20:33,Shoreline Mafia,Gangstas & Sippas (feat. Q Da Fool),155346
2022-02-11 20:37,Ty Dolla $ign,"Spicy (feat. J Balvin, YG, Tyga & Post Malone) - Remix",221640
2022-02-11 20:39,A$AP Rocky,Distorted Records,140133
2022-02-11 20:42,Day Sulan,Bailar,205055
2022-02-11 20:47,Pusha T,Drug Dealers Anonymous,253786
2022-02-11 20:51,Felly,Desert Eagle,237480
2022-02-11 20:53,Aminé,Talk (feat. Saba),132893
2022-02-11 20:56,ALLBLACK,"Trip On It (feat. DaBoii, $tupid Young & Fenix Flexin)",210337
2022-02-11 21:01,Pacman da Gunman,Zero Tolerance,257062
2022-02-11 21:04,IDK,Cereal (feat. Kenny Mason),198862
2022-02-11 21:07,VIC MENSA,VICTORY,212386
2022-02-11 21:11,BROCKHAMPTON,BUZZCUT (feat. Danny Brown),201160
2022-02-11 21:14,Meek Mill,"That's My N**** (with Meek Mill, YG & Snoop Dogg)",199746
2022-02-11 21:17,AG Club,NOHO (feat. ICECOLDBISHOP),182512
2022-02-11 21:20,Terror Reid,Uppercuts,180000
2022-02-11 21:23,2 Chainz,Grey Area,171837
2022-02-11 21:26,Drake,Wants and Needs (feat. Lil Baby),192956
2022-02-11 21:30,Benny The Butcher,Plug Talk (feat. 2 Chainz),195988
2022-02-11 21:32,Jayy Grams,Smok'n Grams,156585
2022-02-11 21:35,chillpill,"Moonwalk (feat. YBN Nahmir, Teejayx6 & Cousin Stizz)",175172
2022-02-11 21:38,IDK,Shoot My Shot,172105
2022-02-11 21:42,A$AP Mob,"Telephone Calls (feat. A$AP Rocky, Tyler, The Creator, Playboi Carti & Yung Gleesh)",230920
2022-02-11 21:45,Diablo,Killing (feat. Terror Reid),180923
2022-02-11 21:48,Benny The Butcher,Talkin' Back (feat. Fat Joe),162528
2022-02-11 21:51,Lil Wayne,Mama Mia,225440
2022-02-11 21:54,YG,Bompton to Oak Park,164494
2022-02-11 21:58,Channel Tres,Black Moses (feat. JPEGMAFIA),260224
2022-02-11 22:01,Spinabenz,Who I Smoke,134186
2022-02-12 01:10,Isaiah Rashad,Smile,174060
2022-02-12 01:11,Urban Cone,Old School,183987
2022-02-12 01:12,John Legend,All of Me,58563
2022-02-12 01:16,James TW,Incredible,2484
2022-02-12 01:16,Billie Eilish,when the party's over,9589
2022-02-12 01:16,Caamp,By and By,203871
2022-02-12 01:19,The Beatles,Ticket To Ride - Remastered 2015,190120
2022-02-12 01:22,The Beatles,Only A Northern Song - Anthology 2 Version,104883
2022-02-12 01:32,The Beatles,What You're Doing - Remastered 2009,149163
2022-02-12 01:32,Drake,Wants and Needs (feat. Lil Baby),5418
2022-02-12 01:32,The Beatles,We Can Work It Out - Remastered 2015,3641
2022-02-12 01:35,"Tyler, The Creator",RISE! (feat. DAISY WORLD),203588
2022-02-12 01:38,Tom The Mail Man,Forever,187750
2022-02-12 01:41,Asoh Black!,Foolie,166383
2022-02-12 01:44,Isaiah Rashad,Headshots (4r Da Locals),193208
2022-02-12 01:48,Mosie,Oh! Frenchy,236153
2022-02-12 01:52,D Smoke,Clockwork,217013
2022-02-12 01:54,D Smoke,Gaspar Yanga,135862
2022-02-12 01:56,Mosez Jones,Paperview,152967
2022-02-12 01:58,Topaz Jones,Tropicana (Bonus Track),145031
2022-02-12 02:02,FRITOGANG,Best Friend,229714
2022-02-12 02:08,The Dynamics,Move on Up,292571
2022-02-12 02:10,Vince Staples,TAKE ME HOME,166829
2022-02-12 02:13,Baby Keem,16,156040
2022-02-12 02:15,Common,Invocation,133839
2022-02-12 02:19,Kevin Abstract,SLUGGER (feat. $NOT & slowthai),256346
2022-02-12 02:23,Nill,Control,208109
2022-02-12 02:28,Sy Ari Da Kid,New Malcolm X,361410
2022-02-12 02:32,MED,The Strip,231413
2022-02-12 02:35,Jitwam,Opendoors,162102
2022-02-12 02:39,Little Brother,Lovin' It (feat. Joe Scudda),231720
2022-02-12 02:42,NugLife,The Love Dispensary,203555
2022-02-12 02:46,Cam O'bi,TenderHeaded,245985
2022-02-12 02:50,D Smoke,Top of the Morning,214137
2022-02-12 02:53,Swedish House Mafia,Lifetime (with Ty Dolla $ign & 070 Shake),186805
2022-02-12 02:57,PJ Lucid,Luminary,259726
2022-02-12 03:00,Mereba,Rider,165186
2022-02-12 03:04,Jet Age of Tomorrow,Ain't a Party,269035
2022-02-12 03:06,SoGone SoFlexy,Nueces County,121500
2022-02-12 03:08,Prison Mike,4loko,134074
2022-02-12 03:11,Baby Keem,pink panties,163508
2022-02-12 03:14,"Royce Da 5'9""",Dumb (feat. Boogie),186978
2022-02-12 03:17,Darion Harris,Asthma,180000
2022-02-12 03:19,Dom Vallie,Vallie Mode,148349
2022-02-12 03:22,Wynne,OLÉ OLÉ,145488
2022-02-12 03:24,Kamaiyah,Fuck It Up (feat. YG),141844
2022-02-12 03:27,Hotel Ugly,Shut up My Moms Calling,164570
2022-02-12 03:28,Ski Mask The Slump God,Lost In Time,121666
2022-02-12 03:32,Don Toliver,Drugs N Hella Melodies (feat. Kali Uchis),198775
2022-02-12 03:39,YGTUT,G35,264000
2022-02-12 03:42,PJ Lucid,Martyr Luther King,184562
2022-02-12 03:47,Isaiah Rashad,Claymore (feat. Smino),186151
2022-02-12 04:05,070 Shake,Guilty Conscience,15583
2022-02-12 04:08,Remi Wolf,Disco Man - Little Dragon Remix,186315
2022-02-12 04:12,Kevin Abstract,SLUGGER (feat. $NOT & slowthai),256346
2022-02-12 04:15,Asoh Black!,Foolie,166383
2022-02-12 04:17,Common,Invocation,133839
2022-02-12 04:20,Don Toliver,Drugs N Hella Melodies (feat. Kali Uchis),198775
2022-02-12 04:24,NugLife,The Love Dispensary,203555
2022-02-12 04:26,Baby Keem,16,156040
2022-02-12 04:27,D Smoke,Clockwork,37879
2022-02-12 04:29,Topaz Jones,Tropicana (Bonus Track),116680
2022-02-12 04:32,D Smoke,Gaspar Yanga,4990
2022-02-12 04:32,"Tyler, The Creator",RISE! (feat. DAISY WORLD),203588
2022-02-12 06:23,Joey Purp,Morning Sex,211128
2022-02-12 06:25,PJ Lucid,Martyr Luther King,3297
2022-02-12 06:25,Baby Keem,pink panties,163508
2022-02-12 06:25,Kamaiyah,Fuck It Up (feat. YG),12500
2022-02-12 06:26,Wynne,OLÉ OLÉ,18622
2022-02-12 06:27,Isaiah Rashad,Claymore (feat. Smino),84543
2022-02-12 16:30,Bonobo,Black Sands,24563
2022-02-12 20:38,The Dynamics,Move on Up,7740
2022-02-12 20:57,Nicki Minaj,Bussin,39080
2022-02-12 20:59,The Dynamics,Move on Up,292571
2022-02-12 21:02,Darion Harris,Asthma,180000
2022-02-12 21:07,Dom Vallie,Vallie Mode,148349
2022-02-12 21:11,MED,The Strip,231413
2022-02-12 21:13,Mosez Jones,Paperview,152967
2022-02-12 21:26,Isaiah Rashad,Headshots (4r Da Locals),193208
2022-02-12 21:28,Prison Mike,4loko,134074
2022-02-12 22:11,Mereba,Rider,165186
2022-02-12 22:14,Macklemore & Ryan Lewis,Same Love (feat. Mary Lambert),2182
2022-02-12 22:14,Train,"Hey, Soul Sister",1996
2022-02-12 22:14,Shontelle,Impossible,2020
2022-02-12 22:14,Mario,Let Me Love You,905
2022-02-12 22:14,Outkast,Hey Ya!,1509
2022-02-12 22:14,Vince Staples,TAKE ME HOME,166829
2022-02-12 22:14,One Direction,History,2647
2022-02-12 22:14,Sam Smith,Stay With Me,1857
2022-02-12 22:14,Taylor Swift,Blank Space,835
2022-02-12 22:14,Britney Spears,Toxic,1253
2022-02-12 22:14,SoGone SoFlexy,Nueces County,22838
2022-02-12 22:14,Arctic Monkeys,Why'd You Only Call Me When You're High?,1253
2022-02-12 22:14,Taylor Swift,You Belong With Me,1160
2022-02-12 22:14,Neil Diamond,Sweet Caroline,1857
2022-02-12 22:14,Bruno Mars,Versace on the Floor,1044
2022-02-12 22:15,Ariana Grande,Almost Is Never Enough,208
2022-02-12 22:15,Olivia Rodrigo,favorite crime,2159
2022-02-12 22:15,Flo Rida,Low (feat. T-Pain),2391
2022-02-12 22:15,The Temptations,My Girl,2577
2022-02-12 22:16,CeeLo Green,Forget You,76115
2022-02-12 22:16,Dylan Reed,Quiet,789
2022-02-12 22:16,Labrinth,Beneath Your Beautiful (feat. Emeli Sandé),2995
2022-02-12 22:16,Natasha Bedingfield,Pocketful of Sunshine,8150
2022-02-12 22:16,Little Mix,"Secret Love Song, Pt. II",3529
2022-02-12 22:16,Julia Michaels,Issues,1671
2022-02-12 22:16,Miley Cyrus,The Climb,7267
2022-02-12 22:16,One Direction,Night Changes,2530
2022-02-12 22:16,Blu DeTiger,Figure It Out,8150
2022-02-12 22:17,Alanis Morissette,You Oughta Know - 2015 Remaster,2600
2022-02-12 22:20,Maroon 5,Payphone,231386
2022-02-12 22:23,Plain White T's,Rhythm Of Love,156033
2022-02-12 22:29,Daniel Caesar,TOO DEEP TO TURN BACK,318533
2022-02-12 22:30,ODIE,North Face,74675
2022-02-12 23:08,ODIE,North Face,122026
2022-02-12 23:12,Daniel Caesar,Japanese Denim,270846
2022-02-12 23:16,BROCKHAMPTON,SUGAR,204533
2022-02-12 23:23,Jaden,Ninety,468168
2022-02-12 23:27,Choker,Juno,231680
2022-02-12 23:30,Ryan Beatty,Cupid,175324
2022-02-12 23:33,Daniel Caesar,CYANIDE,194959
2022-02-12 23:37,Bruno Major,Easily,210240
2022-02-12 23:40,Rex Orange County,KEEP IT UP,183000
2022-02-12 23:42,Jakob,Velvet Light,141587
2022-02-12 23:46,Eloise,"You, Dear",187124
2022-02-12 23:48,Kevin Abstract,Peach,176732
2022-02-12 23:51,Dominic Fike,Açaí Bowl,177400
2022-02-12 23:56,Daniel Caesar,SUPERPOSITION,263794
2022-02-12 23:59,Bruno Major,Fair-Weather Friend,186712
2022-02-13 00:02,Frank Ocean,Moon River,188323
2022-02-13 00:05,"Tyler, The Creator",See You Again (feat. Kali Uchis),180386
2022-02-13 01:19,BROCKHAMPTON,FACE,259000
2022-02-13 01:22,Kevin Abstract,Empty,194336
2022-02-13 01:26,Ryan Trey,Mutual Butterflies,183875
2022-02-13 01:30,Daniel Caesar,OPEN UP,266226
2022-02-13 01:32,Frank Ocean,In My Room,133680
2022-02-13 02:28,Rich Brian,Drive Safe,240118
2022-02-13 02:31,Verzache,January,196363
2022-02-13 02:34,Kevin Abstract,Baby Boy,211668
2022-02-13 02:38,Sonder,Nobody But You,213214
2022-02-13 02:41,Joey Bada$$,Love Is Only a Feeling,152041
2022-02-13 02:45,Daniel Caesar,We Find Love,254919
2022-02-13 02:48,Frank Ocean,Chanel,210285
2022-02-13 02:51,UMI,Midnight Blues,147304
2022-02-13 02:53,Eloise,Left Side,144962
2022-02-13 02:57,Snoh Aalegra,Find Someone Like You,206465
2022-02-13 03:01,Free Nationals,Beauty & Essex,277046
2022-02-13 03:03,Joji,worldstar money (interlude),126312
2022-02-13 03:08,Daniel Caesar,ENTROPY,261291
2022-02-13 03:10,UMI,Butterfly,160500
2022-02-13 03:14,Clairo,Softly,185306
2022-02-13 03:18,Charlie Burg,I Don't Wanna Be Okay Without You,243796
2022-02-13 03:22,Rex Orange County,Sunflower,252230
2022-02-13 03:26,Yuna,Castaway,269893
2022-02-13 03:31,Frank Ocean,Ivy,249191
2022-02-13 03:34,Daniel Caesar,COMPLEXITIES,230585
2022-02-13 03:38,UMI,Love Affair,190960
2022-02-13 03:40,Jaden,Photograph,141302
2022-02-13 03:43,Pink Sweat$,Body Aint Me,162260
2022-02-13 03:46,Dreamer Boy,Puppy Dog,210281
2022-02-13 03:50,Raveena,Close 2 U,239834
2022-02-13 03:54,Choker,Lucky,251034
2022-02-13 03:58,Daniel Caesar,Hold Me Down,231267
2022-02-13 04:02,UMI,Remember Me,199226
2022-02-13 06:03,ODIE,North Face,196799
2022-02-13 06:07,Daniel Caesar,Japanese Denim,270846
2022-02-13 06:11,BROCKHAMPTON,SUGAR,204533
2022-02-13 06:18,Jaden,Ninety,468168
2022-02-13 06:22,Choker,Juno,231680
2022-02-13 06:25,Ryan Beatty,Cupid,175324
2022-02-13 06:28,Daniel Caesar,CYANIDE,194959
2022-02-13 06:32,Bruno Major,Easily,210240
2022-02-13 06:35,Rex Orange County,KEEP IT UP,183000
2022-02-13 06:37,Jakob,Velvet Light,141587
2022-02-13 06:41,Eloise,"You, Dear",187124
2022-02-13 06:43,Kevin Abstract,Peach,176732
2022-02-13 06:46,Dominic Fike,Açaí Bowl,177400
2022-02-13 06:51,Daniel Caesar,SUPERPOSITION,263794
2022-02-13 06:54,Bruno Major,Fair-Weather Friend,186712
2022-02-13 06:57,Frank Ocean,Moon River,188323
2022-02-13 07:00,"Tyler, The Creator",See You Again (feat. Kali Uchis),180386
2022-02-13 07:04,BROCKHAMPTON,FACE,259000
2022-02-13 07:08,Kevin Abstract,Empty,194336
2022-02-13 07:11,Ryan Trey,Mutual Butterflies,183875
2022-02-13 07:15,Daniel Caesar,OPEN UP,266226
2022-02-13 07:17,Frank Ocean,In My Room,133680
2022-02-13 07:21,Rich Brian,Drive Safe,240118
2022-02-13 07:25,Verzache,January,196363
2022-02-13 07:28,Kevin Abstract,Baby Boy,211668
2022-02-13 07:32,Sonder,Nobody But You,213214
2022-02-13 07:34,Joey Bada$$,Love Is Only a Feeling,152041
2022-02-13 07:39,Daniel Caesar,We Find Love,254919
2022-02-13 07:42,Frank Ocean,Chanel,210285
2022-02-13 07:45,UMI,Midnight Blues,147304
2022-02-13 07:47,Eloise,Left Side,144962
2022-02-13 07:50,Snoh Aalegra,Find Someone Like You,206465
2022-02-13 07:55,Free Nationals,Beauty & Essex,277046
2022-02-13 07:57,Joji,worldstar money (interlude),126312
2022-02-13 08:02,Daniel Caesar,ENTROPY,261291
2022-02-13 08:04,UMI,Butterfly,160500
2022-02-13 08:07,Clairo,Softly,185306
2022-02-13 08:11,Charlie Burg,I Don't Wanna Be Okay Without You,243796
2022-02-13 08:16,Rex Orange County,Sunflower,252230
2022-02-13 08:20,Yuna,Castaway,269893
2022-02-13 08:24,Frank Ocean,Ivy,249191
2022-02-13 08:28,Daniel Caesar,COMPLEXITIES,230585
2022-02-13 08:31,UMI,Love Affair,190960
2022-02-13 08:34,Jaden,Photograph,141302
2022-02-13 08:36,Pink Sweat$,Body Aint Me,162260
2022-02-13 08:40,Dreamer Boy,Puppy Dog,210281
2022-02-13 08:44,Raveena,Close 2 U,239834
2022-02-13 08:48,Choker,Lucky,251034
2022-02-13 08:52,Daniel Caesar,Hold Me Down,231267
2022-02-13 08:55,UMI,Remember Me,199226
2022-02-13 17:10,Bonobo,Black Sands,49947
2022-02-13 17:20,The Beatles,Here Comes The Sun - Remastered 2009,11466
2022-02-13 17:45,Avicii,Trouble,14844
2022-02-13 20:13,Avicii,Trouble,6090
2022-02-13 20:16,Future,Worst Day,184893
2022-02-13 20:19,Gunna,pushin P (feat. Young Thug),136266
2022-02-13 21:11,Gucci Mane,Rumors (feat. Lil Durk),185855
2022-02-13 21:31,Fivio Foreign,City of Gods,256000
2022-02-13 21:34,Juice WRLD,Go Hard 2.0,214727
2022-02-13 21:37,King Von,Don't Play That,133613
2022-02-13 21:40,Pusha T,Diet Coke,179533
2022-02-13 21:42,Nicki Minaj,Bussin,136760
2022-02-13 21:45,Kodak Black,Grinding All Season,170958
2022-02-13 21:49,Nardo Wick,Me or Sum (feat. Future & Lil Baby),225533
2022-02-13 21:52,Money Man,LLC (feat. Moneybagg Yo),195153
2022-02-13 21:55,A Boogie Wit da Hoodie,Non Judgmental,182487
2022-02-13 21:58,Kodak Black,Super Gremlin,200547
2022-02-13 22:02,YG,Scared Money (feat. J. Cole and Moneybagg Yo),204285
2022-02-13 22:05,Cordae,Today (feat. Gunna),182068
2022-02-13 22:08,A Boogie Wit da Hoodie,Man in the Mirror,215303
2022-02-13 22:13,Baby Keem,trademark usa,270670
2022-02-13 22:16,Gunna,thought i was playing,167840
2022-02-13 22:20,Kodak Black,Love & War,239146
2022-02-13 22:22,22Gz,Retaliation,148687
2022-02-13 22:25,Rod Wave,By Your Side,194050
2022-02-13 22:29,Roddy Ricch,thailand,200958
2022-02-13 22:31,Mike Dimes,NO TRENDS,151285
2022-02-13 22:34,Gunna,P power (feat. Drake),193346
2022-02-13 22:37,Joey Bada$$,THE REV3NGE,147213
2022-02-13 22:40,Dr. Dre,Gospel (with Eminem),210027
2022-02-13 22:44,Nicki Minaj,Do We Have A Problem?,207065
2022-02-13 22:47,NLE Choppa,Jumpin (feat. Polo G),181198
2022-02-13 22:50,B-Lovee,IYKYK,134530
